Workbook
Name F0: Inputs!$B$4
Name FC_AMT: Inputs!$B$1
Name FC_CURRENCY: Inputs!$B$2
Name K: Inputs!$B$7
Name OPTION_PREMIUM: Inputs!$B$8
Name OPTION_TYPE: Inputs!$B$9
Name r_FC: Inputs!$B$6
Name r_USD: Inputs!$B$5
Name S0: Inputs!$B$3
Name TTM: Inputs!$B$10

Sheet Inputs
A1: FC_AMT | B1: 1000000
A2: FC_CURRENCY | B2: EUR
A3: S0 | B3: 1.1
A4: F0 | B4: 1.095
A5: r_USD | B5: 0.04
A6: r_FC | B6: 0.02
A7: K | B7: 1.1
A8: OPTION_PREMIUM | B8: 0.02
A9: OPTION_TYPE | B9: put
A10: TTM | B10: 0.25

Sheet Forward
A1: Forward Hedge Calculation
A3: Formula: USD Proceeds = FC_AMT * F0
A4: FC_AMT | B4: =Inputs!$B$1 -> 1000000
A5: F0 | B5: =Inputs!$B$4 -> 1.095
A7: USD Proceeds (Locked In) | B7: =B4*B5 -> 1095000

Sheet MoneyMarket
A1: Money Market Hedge
A3: Step | B3: Value | C3: Formula (Excel)
A4: 1. Borrow PV of FC | B4: =Inputs!$B$1 / (1 + Inputs!$B$6 * Inputs!$B$10) -> 995024.88 | C4: =B4 & " = " & Inputs!$B$1 & " / (1 + " & Inputs!$B$6 & " * " & Inputs!$B$10 & ")" -> 995024.875621891 = 1000000 / (1 + 0.02 * 0.25)
A5: 2. Convert to USD at S0 | B5: =B4 * Inputs!$B$3 -> 1094527.4 | C5: =B5 & " = " & B4 & " * " & Inputs!$B$3 -> 1094527.36318408 = 995024.875621891 * 1.1
A6: 3. Invest USD to maturity | B6: =B5 * (1 + Inputs!$B$5 * Inputs!$B$10) -> 1105472.6
A8: Final USD Proceeds | B8: =B6 -> 1105472.6

Sheet Option
A1: Option Hedge Analysis
A3: Parameter | B3: Value
A4: Premium Cost (upfront) | B4: =Inputs!$B$1 * Inputs!$B$8 -> 20000
A5: Premium FV at maturity | B5: =B4 * (1 + Inputs!$B$5 * Inputs!$B$10) -> 20200
A7: Scenario S_T | B7: Spot USD/EUR at maturity | C7: Spot Proceeds | D7: Option Payoff | E7: Total Proceeds (Spot + Payoff - PremiumFV)
A8: -5% | B8: 1.045 | C8: =Inputs!$B$1 * B8 -> 1045000 | D8: =IF(Inputs!$B$9="put", MAX(0, Inputs!$B$1*(Inputs!$B$7 - B8)), MAX(0, Inputs!$B$1*(B8 - Inputs!$B$7))) -> 55000 | E8: =C8 + D8 - Option!$B$5 -> 1079800
A9: -4% | B9: 1.056 | C9: =Inputs!$B$1 * B9 -> 1056000 | D9: =IF(Inputs!$B$9="put", MAX(0, Inputs!$B$1*(Inputs!$B$7 - B9)), MAX(0, Inputs!$B$1*(B9 - Inputs!$B$7))) -> 44000 | E9: =C9 + D9 - Option!$B$5 -> 1079800
A10: -3% | B10: 1.067 | C10: =Inputs!$B$1 * B10 -> 1067000 | D10: =IF(Inputs!$B$9="put", MAX(0, Inputs!$B$1*(Inputs!$B$7 - B10)), MAX(0, Inputs!$B$1*(B10 - Inputs!$B$7))) -> 33000 | E10: =C10 + D10 - Option!$B$5 -> 1079800
A11: -2% | B11: 1.078 | C11: =Inputs!$B$1 * B11 -> 1078000 | D11: =IF(Inputs!$B$9="put", MAX(0, Inputs!$B$1*(Inputs!$B$7 - B11)), MAX(0, Inputs!$B$1*(B11 - Inputs!$B$7))) -> 22000 | E11: =C11 + D11 - Option!$B$5 -> 1079800
A12: -1% | B12: 1.089 | C12: =Inputs!$B$1 * B12 -> 1089000 | D12: =IF(Inputs!$B$9="put", MAX(0, Inputs!$B$1*(Inputs!$B$7 - B12)), MAX(0, Inputs!$B$1*(B12 - Inputs!$B$7))) -> 11000 | E12: =C12 + D12 - Option!$B$5 -> 1079800
A13: 0% | B13: 1.1 | C13: =Inputs!$B$1 * B13 -> 1100000 | D13: =IF(Inputs!$B$9="put", MAX(0, Inputs!$B$1*(Inputs!$B$7 - B13)), MAX(0, Inputs!$B$1*(B13 - Inputs!$B$7))) -> 0 | E13: =C13 + D13 - Option!$B$5 -> 1079800
A14: 1% | B14: 1.111 | C14: =Inputs!$B$1 * B14 -> 1111000 | D14: =IF(Inputs!$B$9="put", MAX(0, Inputs!$B$1*(Inputs!$B$7 - B14)), MAX(0, Inputs!$B$1*(B14 - Inputs!$B$7))) -> 0 | E14: =C14 + D14 - Option!$B$5 -> 1090800
A15: 2% | B15: 1.122 | C15: =Inputs!$B$1 * B15 -> 1122000 | D15: =IF(Inputs!$B$9="put", MAX(0, Inputs!$B$1*(Inputs!$B$7 - B15)), MAX(0, Inputs!$B$1*(B15 - Inputs!$B$7))) -> 0 | E15: =C15 + D15 - Option!$B$5 -> 1101800
A16: 3% | B16: 1.133 | C16: =Inputs!$B$1 * B16 -> 1133000 | D16: =IF(Inputs!$B$9="put", MAX(0, Inputs!$B$1*(Inputs!$B$7 - B16)), MAX(0, Inputs!$B$1*(B16 - Inputs!$B$7))) -> 0 | E16: =C16 + D16 - Option!$B$5 -> 1112800
A17: 4% | B17: 1.144 | C17: =Inputs!$B$1 * B17 -> 1144000 | D17: =IF(Inputs!$B$9="put", MAX(0, Inputs!$B$1*(Inputs!$B$7 - B17)), MAX(0, Inputs!$B$1*(B17 - Inputs!$B$7))) -> 0 | E17: =C17 + D17 - Option!$B$5 -> 1123800
A18: 5% | B18: 1.155 | C18: =Inputs!$B$1 * B18 -> 1155000 | D18: =IF(Inputs!$B$9="put", MAX(0, Inputs!$B$1*(Inputs!$B$7 - B18)), MAX(0, Inputs!$B$1*(B18 - Inputs!$B$7))) -> 0 | E18: =C18 + D18 - Option!$B$5 -> 1134800

Sheet Sensitivity
A1: Sensitivity Analysis (±5% Spot)
A3: Scenario | B3: S_T | C3: Unhedged | D3: Forward | E3: Money Market | F3: Option
A4: -5% | B4: =Inputs!$B$3*(1+-5/100) -> 1.045 | C4: =Inputs!$B$1 * B4 -> 1045000 | D4: =Inputs!$B$1 * Inputs!$B$4 -> 1095000 | E4: =MoneyMarket!$B$6 -> 1105472.6 | F4: =Option!E8 -> 1079800
A5: -4% | B5: =Inputs!$B$3*(1+-4/100) -> 1.056 | C5: =Inputs!$B$1 * B5 -> 1056000 | D5: =Inputs!$B$1 * Inputs!$B$4 -> 1095000 | E5: =MoneyMarket!$B$6 -> 1105472.6 | F5: =Option!E9 -> 1079800
A6: -3% | B6: =Inputs!$B$3*(1+-3/100) -> 1.067 | C6: =Inputs!$B$1 * B6 -> 1067000 | D6: =Inputs!$B$1 * Inputs!$B$4 -> 1095000 | E6: =MoneyMarket!$B$6 -> 1105472.6 | F6: =Option!E10 -> 1079800
A7: -2% | B7: =Inputs!$B$3*(1+-2/100) -> 1.078 | C7: =Inputs!$B$1 * B7 -> 1078000 | D7: =Inputs!$B$1 * Inputs!$B$4 -> 1095000 | E7: =MoneyMarket!$B$6 -> 1105472.6 | F7: =Option!E11 -> 1079800
A8: -1% | B8: =Inputs!$B$3*(1+-1/100) -> 1.089 | C8: =Inputs!$B$1 * B8 -> 1089000 | D8: =Inputs!$B$1 * Inputs!$B$4 -> 1095000 | E8: =MoneyMarket!$B$6 -> 1105472.6 | F8: =Option!E12 -> 1079800
A9: 0% | B9: =Inputs!$B$3*(1+0/100) -> 1.1 | C9: =Inputs!$B$1 * B9 -> 1100000 | D9: =Inputs!$B$1 * Inputs!$B$4 -> 1095000 | E9: =MoneyMarket!$B$6 -> 1105472.6 | F9: =Option!E13 -> 1079800
A10: 1% | B10: =Inputs!$B$3*(1+1/100) -> 1.111 | C10: =Inputs!$B$1 * B10 -> 1111000 | D10: =Inputs!$B$1 * Inputs!$B$4 -> 1095000 | E10: =MoneyMarket!$B$6 -> 1105472.6 | F10: =Option!E14 -> 1090800
A11: 2% | B11: =Inputs!$B$3*(1+2/100) -> 1.122 | C11: =Inputs!$B$1 * B11 -> 1122000 | D11: =Inputs!$B$1 * Inputs!$B$4 -> 1095000 | E11: =MoneyMarket!$B$6 -> 1105472.6 | F11: =Option!E15 -> 1101800
A12: 3% | B12: =Inputs!$B$3*(1+3/100) -> 1.133 | C12: =Inputs!$B$1 * B12 -> 1133000 | D12: =Inputs!$B$1 * Inputs!$B$4 -> 1095000 | E12: =MoneyMarket!$B$6 -> 1105472.6 | F12: =Option!E16 -> 1112800
A13: 4% | B13: =Inputs!$B$3*(1+4/100) -> 1.144 | C13: =Inputs!$B$1 * B13 -> 1144000 | D13: =Inputs!$B$1 * Inputs!$B$4 -> 1095000 | E13: =MoneyMarket!$B$6 -> 1105472.6 | F13: =Option!E17 -> 1123800
A14: 5% | B14: =Inputs!$B$3*(1+5/100) -> 1.155 | C14: =Inputs!$B$1 * B14 -> 1155000 | D14: =Inputs!$B$1 * Inputs!$B$4 -> 1095000 | E14: =MoneyMarket!$B$6 -> 1105472.6 | F14: =Option!E18 -> 1134800
